old_url (will redirect),old title,proposed 301 target,target is,why
/blog/5-tips-facebook-ads-creation/,5 Tips for Facebook Ads Creation,/blog/how-to-create-compelling-visuals-for-your-facebook-ads/,How to Create Compelling Visuals for Your Facebook Ads: Tips and Tools,Facebook ad creation tips
/blog/7-tips-for-creating-effective-facebook-ads-that-convert/,7 Tips for Creating Effective Facebook Ads That Convert,/blog/how-to-create-compelling-visuals-for-your-facebook-ads/,How to Create Compelling Visuals for Your Facebook Ads: Tips and Tools,Facebook ad creation tips
/blog/how-to-create-a-facebook-ads-strategy-that-works-for-your-business/,How to Create a Facebook Ads Strategy That Works for Your Business,/blog/the-dos-and-donts-of-facebook-advertising/,The Dos and Don’ts of Facebook Advertising,Practical Facebook advertising guidance; no surviving post on Facebook ad strategy
/blog/work-with-facebook-advertising-agency/,Why Work With a Facebook Advertising Agency?,/meta-ads/,Meta Ads (service page),Hiring-an-agency intent; the Meta Ads service page is the match
/blog/6-benefits-google-ads-management-agency/,6 Benefits of Working with a Google Ads Management Agency,/blog/5-benefits-working-with-a-google-partner-agency/,5 Benefits of Working with A Google Partner Agency,Same topic: benefits of working with a Google Ads agency
/blog/why-google-ads-management-service-agency/,Why Use A Google Ads Management Service,/blog/5-benefits-working-with-a-google-partner-agency/,5 Benefits of Working with A Google Partner Agency,Same topic: why use a Google Ads agency
/blog/google-ads-paid-search/,How Google Ads Can Take Your Business to the Next Level,/blog/quick-guide-to-google-ads/,Quick Guide to Google Ad Campaigns,General Google Ads overview
/blog/guide-to-google-ad-campaigns-search-ads/,Quick Guide to Google Ad Campaigns: Search Ads,/blog/quick-guide-to-google-ads/,Quick Guide to Google Ad Campaigns,"Parent of the ""Quick Guide"" series; Search Ads is its first section"
/blog/boost-your-conversion-rates-with-these-tips/,Boost Your Conversion Rates with These Tips,/blog/9-best-practices-for-conversion-rate-optimization/,9 Best Practices to Follow For Conversion Rate Optimization,General conversion-rate tips
/blog/improve-website-conversion-rate/,7 Ways to Improve Your Website Conversion Rate,/blog/why-your-website-conversion-rates-suck/,7 Reasons Why Your Website Conversion Rates Suck (And How to Increase Them),Same topic: ways to raise a website conversion rate
/blog/power-of-social-proof-with-conversion-rate-optimization/,The Power of Social Proof in Conversion Rate Optimization,/blog/9-best-practices-for-conversion-rate-optimization/,9 Best Practices to Follow For Conversion Rate Optimization,Social proof as a CRO practice
/blog/why-every-business-should-be-a-b-testing/,Why Every Business Should Be A/B Testing,/blog/5-a-b-testing-techniques-for-boosting-your-websites-conversion-rate/,5 A/B Testing Techniques for Boosting Your Website's Conversion Rate,Same topic: A/B testing
/blog/social-proof/,Social Proof: What You Need to Know & How to Get Started Today,/blog/video-testimonials-benefits-for-business/,Video Testimonials: 5 Major Benefits for Your Business,Social proof; the surviving post covers its main format (testimonials)
/blog/strategies-to-boost-your-seo/,10 Strategies to Boost Your SEO and Drive Traffic to Your Site,/blog/future-proof-seo-strategy/,Six Ways to Create A Future-Proof SEO Strategy ,SEO strategy
/blog/ecommerce-seo-how-to-get-started/,eCommerce SEO Audit: 10 Steps On How To Get Started?,/blog/10-seo-ecommerce-tips-that-actually-work/,10 SEO eCommerce Tips That Actually Work,Same topic: eCommerce SEO
/blog/ecommerce-seo-tips-to-increase-traffic/,eCommerce SEO: 10 Tips to Increase Traffic to Your Store,/blog/10-seo-ecommerce-tips-that-actually-work/,10 SEO eCommerce Tips That Actually Work,Same topic: eCommerce SEO tips
/blog/local-seo-improve-visibility-google/,Local SEO: How to Improve Visibility on Google,/blog/the-ultimate-local-seo-tactic-how-to-optimize-your-business-for-ai-voice-search/,The Ultimate Local SEO Tactic: How to Optimize Your Business for AI Voice Search,Same topic: local SEO
/blog/rank-business-locally-maps/,How Do I Rank My Local Business In Google Maps?,/blog/the-ultimate-local-seo-tactic-how-to-optimize-your-business-for-ai-voice-search/,The Ultimate Local SEO Tactic: How to Optimize Your Business for AI Voice Search,Same topic: ranking a local business
/blog/expert-remarketing-strategies/,Unlocking Success with Remarketing: Expert Strategies for Better Campaigns,/google-ads/,Google Ads (service page),No surviving remarketing post; Google Ads is where remarketing is run
/blog/remarketing-advertising-for-ecommerce/,How to Use Remarketing Advertising to Drive Traffic and Sales to Your eCommerce Store,/google-ads/,Google Ads (service page),No surviving remarketing post; Google Ads is where remarketing is run
/blog/remarketing-right-business/,Is Remarketing Right For My Business?,/google-ads/,Google Ads (service page),No surviving remarketing post; Google Ads is where remarketing is run
/blog/the-beginners-guide-to-microsoft-advertising-how-to-get-started/,The Beginner's Guide to Microsoft Advertising: How to Get Started,/microsoft-ads/,Microsoft Ads (service page),No surviving Microsoft Advertising post; same topic as the service page
/blog/the-power-of-bing-ads-why-your-business-should-be-using-microsoft-advertising/,The Power of Bing Ads: Why Your Business Should be Using Microsoft Advertising,/microsoft-ads/,Microsoft Ads (service page),No surviving Microsoft Advertising post; same topic as the service page
/blog/crm-for-small-businesses-how-to-implement-and-leverage-crm-for-growth-and-success/,CRM for Small Businesses: How to Implement and Leverage CRM for Growth and Success,/zoho-crm/,Zoho CRM (service page),"CRM basics; the Zoho CRM page answers ""what is a CRM / do I need one"""
/blog/how-to-choose-the-right-crm-system-for-your-business-tips-and-best-practices/,How to Choose the Right CRM System for Your Business: Tips and Best Practices,/zoho-crm/,Zoho CRM (service page),"CRM basics; the Zoho CRM page answers ""what is a CRM / do I need one"""
/blog/the-beginners-guide-to-crm-understanding-the-basics-and-benefits-for-your-business/,The Beginner's Guide to CRM: Understanding the Basics and Benefits for Your Business,/zoho-crm/,Zoho CRM (service page),"CRM basics; the Zoho CRM page answers ""what is a CRM / do I need one"""
/blog/which-crm-system-is-right-for-your-business/,Which CRM System is Right for Your Business?,/zoho-crm/,Zoho CRM (service page),"CRM basics; the Zoho CRM page answers ""what is a CRM / do I need one"""
/blog/why-your-business-needs-crm/,Why Your Business Needs a CRM to Succeed,/zoho-crm/,Zoho CRM (service page),"CRM basics; the Zoho CRM page answers ""what is a CRM / do I need one"""
/blog/how-your-business-can-grow-with-influencer-marketing/,How Your Business Can Grow with Influencer Marketing,/blog/benefits-of-influencer-marketing/,Top 7 Benefits of Influencer Marketing,Same topic: why influencer marketing
/blog/tiktok-ads-how-to-win-more-customers/,TikTok Ads: How to Win More Customers for Your Business,/blog/how-to-create-high-converting-tiktok-ads/,How to Create High-Converting TikTok Ads,Same topic: TikTok ads
